time,feet,centimeters,tide
2016-01-01 05:58:00 UTC,0.7,21,H
2016-01-01 12:19:00 UTC,0.1,3,L
2016-01-01 17:40:00 UTC,0.7,21,H
2016-01-02 00:46:00 UTC,0.0,0,L
2016-01-02 06:53:00 UTC,0.7,21,H
2016-01-02 13:15:00 UTC,0.1,3,L
2016-01-02 18:37:00 UTC,0.6,18,H
2016-01-03 01:30:00 UTC,0.0,0,L
2016-01-03 07:46:00 UTC,0.7,21,H
2016-01-03 14:13:00 UTC,0.1,3,L
2016-01-03 19:43:00 UTC,0.6,18,H
2016-01-04 02:15:00 UTC,0.0,0,L
2016-01-04 08:35:00 UTC,0.8,24,H
2016-01-04 15:09:00 UTC,0.0,0,L
2016-01-04 20:45:00 UTC,0.6,18,H
2016-01-05 03:01:00 UTC,0.0,0,L
2016-01-05 09:19:00 UTC,0.8,24,H
2016-01-05 16:03:00 UTC,0.0,0,L
2016-01-05 21:38:00 UTC,0.6,18,H
2016-01-06 03:47:00 UTC,0.0,0,L
2016-01-06 10:00:00 UTC,0.9,27,H
2016-01-06 16:53:00 UTC,0.0,0,L
2016-01-06 22:23:00 UTC,0.6,18,H
2016-01-07 04:31:00 UTC,0.0,0,L
2016-01-07 10:40:00 UTC,0.9,27,H
2016-01-07 17:42:00 UTC,-0.1,-3,L
2016-01-07 23:04:00 UTC,0.7,21,H
2016-01-08 05:13:00 UTC,-0.1,-3,L
2016-01-08 11:19:00 UTC,1.0,30,H
2016-01-08 18:28:00 UTC,-0.1,-3,L
2016-01-08 23:44:00 UTC,0.7,21,H
2016-01-09 05:56:00 UTC,-0.1,-3,L
2016-01-09 11:59:00 UTC,1.1,34,H
2016-01-09 19:13:00 UTC,-0.1,-3,L
2016-01-10 00:26:00 UTC,0.8,24,H
2016-01-10 06:39:00 UTC,-0.1,-3,L
2016-01-10 12:41:00 UTC,1.1,34,H
2016-01-10 19:56:00 UTC,-0.1,-3,L
2016-01-11 01:09:00 UTC,0.8,24,H
2016-01-11 07:25:00 UTC,-0.1,-3,L
2016-01-11 13:23:00 UTC,1.2,37,H
2016-01-11 20:40:00 UTC,-0.1,-3,L
2016-01-12 01:54:00 UTC,0.9,27,H
2016-01-12 08:14:00 UTC,-0.1,-3,L
2016-01-12 14:08:00 UTC,1.2,37,H
2016-01-12 21:23:00 UTC,-0.1,-3,L
2016-01-13 02:41:00 UTC,0.9,27,H
2016-01-13 09:08:00 UTC,0.0,0,L
2016-01-13 14:54:00 UTC,1.1,34,H
2016-01-13 22:07:00 UTC,-0.1,-3,L
2016-01-14 03:31:00 UTC,1.0,30,H
2016-01-14 10:08:00 UTC,0.0,0,L
2016-01-14 15:44:00 UTC,1.1,34,H
2016-01-14 22:53:00 UTC,-0.1,-3,L
2016-01-15 04:25:00 UTC,1.0,30,H
2016-01-15 11:13:00 UTC,0.0,0,L
2016-01-15 16:37:00 UTC,1.0,30,H
2016-01-15 23:44:00 UTC,0.0,0,L
2016-01-16 05:24:00 UTC,1.0,30,H
2016-01-16 12:23:00 UTC,0.1,3,L
2016-01-16 17:36:00 UTC,0.9,27,H
2016-01-17 00:40:00 UTC,0.0,0,L
2016-01-17 06:28:00 UTC,1.1,34,H
2016-01-17 13:35:00 UTC,0.1,3,L
2016-01-17 18:43:00 UTC,0.9,27,H
2016-01-18 01:41:00 UTC,0.0,0,L
2016-01-18 07:34:00 UTC,1.1,34,H
2016-01-18 14:44:00 UTC,0.1,3,L
2016-01-18 19:56:00 UTC,0.8,24,H
2016-01-19 02:44:00 UTC,0.0,0,L
2016-01-19 08:39:00 UTC,1.1,34,H
2016-01-19 15:50:00 UTC,0.0,0,L
2016-01-19 21:06:00 UTC,0.8,24,H
2016-01-20 03:45:00 UTC,0.0,0,L
2016-01-20 09:39:00 UTC,1.1,34,H
2016-01-20 16:49:00 UTC,0.0,0,L
2016-01-20 22:07:00 UTC,0.8,24,H
2016-01-21 04:43:00 UTC,0.0,0,L
2016-01-21 10:34:00 UTC,1.1,34,H
2016-01-21 17:44:00 UTC,0.0,0,L
2016-01-21 23:02:00 UTC,0.8,24,H
2016-01-22 05:37:00 UTC,-0.1,-3,L
2016-01-22 11:24:00 UTC,1.1,34,H
2016-01-22 18:34:00 UTC,-0.1,-3,L
2016-01-22 23:52:00 UTC,0.9,27,H
2016-01-23 06:27:00 UTC,-0.1,-3,L
2016-01-23 12:10:00 UTC,1.1,34,H
2016-01-23 19:21:00 UTC,-0.1,-3,L
2016-01-24 00:39:00 UTC,0.9,27,H
2016-01-24 07:13:00 UTC,-0.1,-3,L
2016-01-24 12:54:00 UTC,1.1,34,H
2016-01-24 20:04:00 UTC,-0.1,-3,L
2016-01-25 01:25:00 UTC,0.9,27,H
2016-01-25 07:58:00 UTC,-0.1,-3,L
2016-01-25 13:35:00 UTC,1.0,30,H
2016-01-25 20:44:00 UTC,-0.1,-3,L
2016-01-26 02:09:00 UTC,0.9,27,H
2016-01-26 08:40:00 UTC,-0.1,-3,L
2016-01-26 14:14:00 UTC,1.0,30,H
2016-01-26 21:22:00 UTC,-0.1,-3,L
2016-01-27 02:51:00 UTC,0.8,24,H
2016-01-27 09:20:00 UTC,0.0,0,L
2016-01-27 14:52:00 UTC,0.9,27,H
2016-01-27 21:58:00 UTC,-0.1,-3,L
2016-01-28 03:33:00 UTC,0.8,24,H
2016-01-28 10:00:00 UTC,0.0,0,L
2016-01-28 15:29:00 UTC,0.8,24,H
2016-01-28 22:32:00 UTC,-0.1,-3,L
2016-01-29 04:14:00 UTC,0.8,24,H
2016-01-29 10:41:00 UTC,0.0,0,L
2016-01-29 16:09:00 UTC,0.7,21,H
2016-01-29 23:04:00 UTC,-0.1,-3,L
2016-01-30 04:56:00 UTC,0.8,24,H
2016-01-30 11:26:00 UTC,0.0,0,L
2016-01-30 16:51:00 UTC,0.7,21,H
2016-01-30 23:40:00 UTC,0.0,0,L
2016-01-31 05:41:00 UTC,0.7,21,H
2016-01-31 12:17:00 UTC,0.1,3,L
2016-01-31 17:40:00 UTC,0.6,18,H
2016-02-01 00:21:00 UTC,0.0,0,L
2016-02-01 06:30:00 UTC,0.7,21,H
2016-02-01 13:14:00 UTC,0.1,3,L
2016-02-01 18:38:00 UTC,0.6,18,H
2016-02-02 01:09:00 UTC,0.0,0,L
2016-02-02 07:24:00 UTC,0.8,24,H
2016-02-02 14:17:00 UTC,0.1,3,L
2016-02-02 19:44:00 UTC,0.6,18,H
2016-02-03 02:02:00 UTC,0.0,0,L
2016-02-03 08:19:00 UTC,0.8,24,H
2016-02-03 15:19:00 UTC,0.0,0,L
2016-02-03 20:49:00 UTC,0.6,18,H
2016-02-04 02:56:00 UTC,0.0,0,L
2016-02-04 09:12:00 UTC,0.9,27,H
2016-02-04 16:17:00 UTC,0.0,0,L
2016-02-04 21:44:00 UTC,0.7,21,H
2016-02-05 03:50:00 UTC,0.0,0,L
2016-02-05 10:01:00 UTC,1.0,30,H
2016-02-05 17:09:00 UTC,0.0,0,L
2016-02-05 22:33:00 UTC,0.7,21,H
2016-02-06 04:42:00 UTC,0.0,0,L
2016-02-06 10:48:00 UTC,1.1,34,H
2016-02-06 17:58:00 UTC,-0.1,-3,L
2016-02-06 23:19:00 UTC,0.8,24,H
2016-02-07 05:34:00 UTC,-0.1,-3,L
2016-02-07 11:33:00 UTC,1.1,34,H
2016-02-07 18:44:00 UTC,-0.1,-3,L
2016-02-08 00:04:00 UTC,0.9,27,H
2016-02-08 06:26:00 UTC,-0.1,-3,L
2016-02-08 12:19:00 UTC,1.2,37,H
2016-02-08 19:28:00 UTC,-0.1,-3,L
2016-02-09 00:50:00 UTC,1.0,30,H
2016-02-09 07:18:00 UTC,-0.1,-3,L
2016-02-09 13:04:00 UTC,1.2,37,H
2016-02-09 20:11:00 UTC,-0.1,-3,L
2016-02-10 01:36:00 UTC,1.1,34,H
2016-02-10 08:13:00 UTC,-0.1,-3,L
2016-02-10 13:51:00 UTC,1.2,37,H
2016-02-10 20:54:00 UTC,-0.1,-3,L
2016-02-11 02:24:00 UTC,1.1,34,H
2016-02-11 09:09:00 UTC,-0.1,-3,L
2016-02-11 14:39:00 UTC,1.1,34,H
2016-02-11 21:39:00 UTC,-0.1,-3,L
2016-02-12 03:14:00 UTC,1.2,37,H
2016-02-12 10:08:00 UTC,0.0,0,L
2016-02-12 15:29:00 UTC,1.1,34,H
2016-02-12 22:28:00 UTC,0.0,0,L
2016-02-13 04:06:00 UTC,1.2,37,H
2016-02-13 11:10:00 UTC,0.0,0,L
2016-02-13 16:23:00 UTC,1.0,30,H
2016-02-13 23:21:00 UTC,0.0,0,L
2016-02-14 05:03:00 UTC,1.2,37,H
2016-02-14 12:16:00 UTC,0.1,3,L
2016-02-14 17:23:00 UTC,0.9,27,H
2016-02-15 00:20:00 UTC,0.1,3,L
2016-02-15 06:06:00 UTC,1.1,34,H
2016-02-15 13:23:00 UTC,0.1,3,L
2016-02-15 18:32:00 UTC,0.9,27,H
2016-02-16 01:24:00 UTC,0.1,3,L
2016-02-16 07:13:00 UTC,1.1,34,H
2016-02-16 14:30:00 UTC,0.1,3,L
2016-02-16 19:48:00 UTC,0.8,24,H
2016-02-17 02:30:00 UTC,0.1,3,L
2016-02-17 08:21:00 UTC,1.1,34,H
2016-02-17 15:34:00 UTC,0.1,3,L
2016-02-17 20:58:00 UTC,0.8,24,H
2016-02-18 03:33:00 UTC,0.1,3,L
2016-02-18 09:23:00 UTC,1.1,34,H
2016-02-18 16:32:00 UTC,0.0,0,L
2016-02-18 21:58:00 UTC,0.8,24,H
2016-02-19 04:31:00 UTC,0.0,0,L
2016-02-19 10:18:00 UTC,1.1,34,H
2016-02-19 17:25:00 UTC,0.0,0,L
2016-02-19 22:51:00 UTC,0.9,27,H
2016-02-20 05:24:00 UTC,0.0,0,L
2016-02-20 11:07:00 UTC,1.1,34,H
2016-02-20 18:12:00 UTC,0.0,0,L
2016-02-20 23:39:00 UTC,0.9,27,H
2016-02-21 06:13:00 UTC,0.0,0,L
2016-02-21 11:51:00 UTC,1.0,30,H
2016-02-21 18:55:00 UTC,-0.1,-3,L
2016-02-22 00:24:00 UTC,0.9,27,H
2016-02-22 06:58:00 UTC,0.0,0,L
2016-02-22 12:32:00 UTC,1.0,30,H
2016-02-22 19:34:00 UTC,-0.1,-3,L
2016-02-23 01:05:00 UTC,0.9,27,H
2016-02-23 07:40:00 UTC,0.0,0,L
2016-02-23 13:11:00 UTC,1.0,30,H
2016-02-23 20:10:00 UTC,-0.1,-3,L
2016-02-24 01:44:00 UTC,0.9,27,H
2016-02-24 08:19:00 UTC,0.0,0,L
2016-02-24 13:47:00 UTC,0.9,27,H
2016-02-24 20:42:00 UTC,-0.1,-3,L
2016-02-25 02:21:00 UTC,0.9,27,H
2016-02-25 08:56:00 UTC,0.0,0,L
2016-02-25 14:22:00 UTC,0.9,27,H
2016-02-25 21:11:00 UTC,0.0,0,L
2016-02-26 02:55:00 UTC,0.9,27,H
2016-02-26 09:31:00 UTC,0.0,0,L
2016-02-26 14:57:00 UTC,0.8,24,H
2016-02-26 21:37:00 UTC,0.0,0,L
2016-02-27 03:29:00 UTC,0.9,27,H
2016-02-27 10:06:00 UTC,0.0,0,L
2016-02-27 15:33:00 UTC,0.8,24,H
2016-02-27 22:04:00 UTC,0.0,0,L
2016-02-28 04:04:00 UTC,0.9,27,H
2016-02-28 10:46:00 UTC,0.1,3,L
2016-02-28 16:13:00 UTC,0.7,21,H
2016-02-28 22:39:00 UTC,0.1,3,L
2016-02-29 04:44:00 UTC,0.9,27,H
2016-02-29 11:32:00 UTC,0.1,3,L
2016-02-29 16:59:00 UTC,0.7,21,H
2016-02-29 23:21:00 UTC,0.1,3,L
2016-03-01 05:30:00 UTC,0.9,27,H
2016-03-01 12:26:00 UTC,0.1,3,L
2016-03-01 17:52:00 UTC,0.7,21,H
2016-03-02 00:11:00 UTC,0.1,3,L
2016-03-02 06:23:00 UTC,0.9,27,H
2016-03-02 13:30:00 UTC,0.1,3,L
2016-03-02 18:54:00 UTC,0.7,21,H
2016-03-03 01:07:00 UTC,0.1,3,L
2016-03-03 07:22:00 UTC,0.9,27,H
2016-03-03 14:37:00 UTC,0.1,3,L
2016-03-03 20:03:00 UTC,0.7,21,H
2016-03-04 02:08:00 UTC,0.1,3,L
2016-03-04 08:22:00 UTC,1.0,30,H
2016-03-04 15:38:00 UTC,0.1,3,L
2016-03-04 21:08:00 UTC,0.8,24,H
2016-03-05 03:12:00 UTC,0.1,3,L
2016-03-05 09:20:00 UTC,1.1,34,H
2016-03-05 16:33:00 UTC,0.0,0,L
2016-03-05 22:04:00 UTC,0.9,27,H
2016-03-06 04:15:00 UTC,0.1,3,L
2016-03-06 10:15:00 UTC,1.1,34,H
2016-03-06 17:22:00 UTC,0.0,0,L
2016-03-06 22:54:00 UTC,1.0,30,H
2016-03-07 05:16:00 UTC,0.0,0,L
2016-03-07 11:06:00 UTC,1.2,37,H
2016-03-07 18:09:00 UTC,0.0,0,L
2016-03-07 23:42:00 UTC,1.1,34,H
2016-03-08 06:15:00 UTC,0.0,0,L
2016-03-08 11:55:00 UTC,1.2,37,H
2016-03-08 18:54:00 UTC,-0.1,-3,L
2016-03-09 00:30:00 UTC,1.2,37,H
2016-03-09 07:11:00 UTC,0.0,0,L
2016-03-09 12:44:00 UTC,1.2,37,H
2016-03-09 19:38:00 UTC,-0.1,-3,L
2016-03-10 01:17:00 UTC,1.3,40,H
2016-03-10 08:07:00 UTC,0.0,0,L
2016-03-10 13:33:00 UTC,1.2,37,H
2016-03-10 20:24:00 UTC,0.0,0,L
2016-03-11 02:05:00 UTC,1.4,43,H
2016-03-11 09:04:00 UTC,0.0,0,L
2016-03-11 14:23:00 UTC,1.2,37,H
2016-03-11 21:11:00 UTC,0.0,0,L
2016-03-12 02:55:00 UTC,1.4,43,H
2016-03-12 10:02:00 UTC,0.0,0,L
2016-03-12 15:15:00 UTC,1.1,34,H
2016-03-12 22:03:00 UTC,0.0,0,L
2016-03-13 03:47:00 UTC,1.3,40,H
2016-03-13 11:02:00 UTC,0.0,0,L
2016-03-13 16:10:00 UTC,1.0,30,H
2016-03-13 22:59:00 UTC,0.1,3,L
2016-03-14 04:43:00 UTC,1.3,40,H
2016-03-14 12:04:00 UTC,0.1,3,L
2016-03-14 17:12:00 UTC,0.9,27,H
2016-03-15 00:00:00 UTC,0.1,3,L
2016-03-15 05:44:00 UTC,1.2,37,H
2016-03-15 13:08:00 UTC,0.1,3,L
2016-03-15 18:23:00 UTC,0.9,27,H
2016-03-16 01:06:00 UTC,0.2,6,L
2016-03-16 06:51:00 UTC,1.1,34,H
2016-03-16 14:12:00 UTC,0.1,3,L
2016-03-16 19:39:00 UTC,0.9,27,H
2016-03-17 02:12:00 UTC,0.2,6,L
2016-03-17 07:59:00 UTC,1.1,34,H
2016-03-17 15:13:00 UTC,0.1,3,L
2016-03-17 20:48:00 UTC,0.9,27,H
2016-03-18 03:16:00 UTC,0.2,6,L
2016-03-18 09:01:00 UTC,1.1,34,H
2016-03-18 16:09:00 UTC,0.1,3,L
2016-03-18 21:47:00 UTC,0.9,27,H
2016-03-19 04:15:00 UTC,0.1,3,L
2016-03-19 09:56:00 UTC,1.0,30,H
2016-03-19 16:59:00 UTC,0.0,0,L
2016-03-19 22:38:00 UTC,0.9,27,H
2016-03-20 05:08:00 UTC,0.1,3,L
2016-03-20 10:44:00 UTC,1.0,30,H
2016-03-20 17:43:00 UTC,0.0,0,L
2016-03-20 23:23:00 UTC,1.0,30,H
2016-03-21 05:57:00 UTC,0.1,3,L
2016-03-21 11:28:00 UTC,1.0,30,H
2016-03-21 18:23:00 UTC,0.0,0,L
2016-03-22 00:05:00 UTC,1.0,30,H
2016-03-22 06:41:00 UTC,0.1,3,L
2016-03-22 12:08:00 UTC,1.0,30,H
2016-03-22 18:59:00 UTC,0.0,0,L
2016-03-23 00:43:00 UTC,1.0,30,H
2016-03-23 07:22:00 UTC,0.1,3,L
2016-03-23 12:45:00 UTC,0.9,27,H
2016-03-23 19:31:00 UTC,0.0,0,L
2016-03-24 01:17:00 UTC,1.0,30,H
2016-03-24 07:59:00 UTC,0.0,0,L
2016-03-24 13:20:00 UTC,0.9,27,H
2016-03-24 20:00:00 UTC,0.0,0,L
2016-03-25 01:49:00 UTC,1.0,30,H
2016-03-25 08:35:00 UTC,0.0,0,L
2016-03-25 13:53:00 UTC,0.8,24,H
2016-03-25 20:23:00 UTC,0.0,0,L
2016-03-26 02:20:00 UTC,1.0,30,H
2016-03-26 09:09:00 UTC,0.0,0,L
2016-03-26 14:27:00 UTC,0.8,24,H
2016-03-26 20:46:00 UTC,0.1,3,L
2016-03-27 02:51:00 UTC,1.0,30,H
2016-03-27 09:43:00 UTC,0.1,3,L
2016-03-27 15:02:00 UTC,0.8,24,H
2016-03-27 21:15:00 UTC,0.1,3,L
2016-03-28 03:25:00 UTC,1.0,30,H
2016-03-28 10:21:00 UTC,0.1,3,L
2016-03-28 15:42:00 UTC,0.7,21,H
2016-03-28 21:52:00 UTC,0.1,3,L
2016-03-29 04:04:00 UTC,1.0,30,H
2016-03-29 11:06:00 UTC,0.1,3,L
2016-03-29 16:26:00 UTC,0.7,21,H
2016-03-29 22:35:00 UTC,0.2,6,L
2016-03-30 04:49:00 UTC,1.0,30,H
2016-03-30 11:59:00 UTC,0.1,3,L
2016-03-30 17:18:00 UTC,0.7,21,H
2016-03-30 23:25:00 UTC,0.2,6,L
2016-03-31 05:41:00 UTC,1.0,30,H
2016-03-31 12:59:00 UTC,0.1,3,L
2016-03-31 18:20:00 UTC,0.7,21,H
2016-04-01 00:23:00 UTC,0.2,6,L
2016-04-01 06:38:00 UTC,1.0,30,H
2016-04-01 14:01:00 UTC,0.1,3,L
2016-04-01 19:29:00 UTC,0.8,24,H
2016-04-02 01:29:00 UTC,0.2,6,L
2016-04-02 07:40:00 UTC,1.1,34,H
2016-04-02 15:00:00 UTC,0.1,3,L
2016-04-02 20:37:00 UTC,0.9,27,H
2016-04-03 02:41:00 UTC,0.2,6,L
2016-04-03 08:42:00 UTC,1.1,34,H
2016-04-03 15:54:00 UTC,0.1,3,L
2016-04-03 21:37:00 UTC,1.0,30,H
2016-04-04 03:54:00 UTC,0.2,6,L
2016-04-04 09:42:00 UTC,1.2,37,H
2016-04-04 16:44:00 UTC,0.0,0,L
2016-04-04 22:30:00 UTC,1.1,34,H
2016-04-05 05:02:00 UTC,0.1,3,L
2016-04-05 10:38:00 UTC,1.2,37,H
2016-04-05 17:32:00 UTC,0.0,0,L
2016-04-05 23:20:00 UTC,1.3,40,H
2016-04-06 06:04:00 UTC,0.0,0,L
2016-04-06 11:32:00 UTC,1.2,37,H
2016-04-06 18:19:00 UTC,0.0,0,L
2016-04-07 00:09:00 UTC,1.4,43,H
2016-04-07 07:02:00 UTC,0.0,0,L
2016-04-07 12:24:00 UTC,1.2,37,H
2016-04-07 19:06:00 UTC,0.0,0,L
2016-04-08 00:58:00 UTC,1.5,46,H
2016-04-08 07:59:00 UTC,0.0,0,L
2016-04-08 13:15:00 UTC,1.2,37,H
2016-04-08 19:55:00 UTC,0.0,0,L
2016-04-09 01:46:00 UTC,1.5,46,H
2016-04-09 08:55:00 UTC,0.0,0,L
2016-04-09 14:06:00 UTC,1.1,34,H
2016-04-09 20:45:00 UTC,0.0,0,L
2016-04-10 02:36:00 UTC,1.5,46,H
2016-04-10 09:52:00 UTC,0.0,0,L
2016-04-10 14:59:00 UTC,1.1,34,H
2016-04-10 21:39:00 UTC,0.1,3,L
2016-04-11 03:28:00 UTC,1.4,43,H
2016-04-11 10:50:00 UTC,0.0,0,L
2016-04-11 15:56:00 UTC,1.0,30,H
2016-04-11 22:37:00 UTC,0.1,3,L
2016-04-12 04:23:00 UTC,1.3,40,H
2016-04-12 11:49:00 UTC,0.1,3,L
2016-04-12 16:59:00 UTC,0.9,27,H
2016-04-12 23:38:00 UTC,0.2,6,L
2016-04-13 05:21:00 UTC,1.2,37,H
2016-04-13 12:49:00 UTC,0.1,3,L
2016-04-13 18:11:00 UTC,0.9,27,H
2016-04-14 00:43:00 UTC,0.2,6,L
2016-04-14 06:25:00 UTC,1.1,34,H
2016-04-14 13:49:00 UTC,0.1,3,L
2016-04-14 19:25:00 UTC,0.9,27,H
2016-04-15 01:48:00 UTC,0.2,6,L
2016-04-15 07:30:00 UTC,1.1,34,H
2016-04-15 14:45:00 UTC,0.1,3,L
2016-04-15 20:32:00 UTC,0.9,27,H
2016-04-16 02:52:00 UTC,0.2,6,L
2016-04-16 08:31:00 UTC,1.0,30,H
2016-04-16 15:38:00 UTC,0.1,3,L
2016-04-16 21:29:00 UTC,0.9,27,H
2016-04-17 03:52:00 UTC,0.2,6,L
2016-04-17 09:26:00 UTC,1.0,30,H
2016-04-17 16:25:00 UTC,0.0,0,L
2016-04-17 22:18:00 UTC,1.0,30,H
2016-04-18 04:46:00 UTC,0.2,6,L
2016-04-18 10:15:00 UTC,0.9,27,H
2016-04-18 17:07:00 UTC,0.0,0,L
2016-04-18 23:02:00 UTC,1.0,30,H
2016-04-19 05:35:00 UTC,0.1,3,L
2016-04-19 11:00:00 UTC,0.9,27,H
2016-04-19 17:45:00 UTC,0.0,0,L
2016-04-19 23:41:00 UTC,1.0,30,H
2016-04-20 06:19:00 UTC,0.1,3,L
2016-04-20 11:40:00 UTC,0.9,27,H
2016-04-20 18:20:00 UTC,0.0,0,L
2016-04-21 00:17:00 UTC,1.1,34,H
2016-04-21 06:59:00 UTC,0.1,3,L
2016-04-21 12:18:00 UTC,0.8,24,H
2016-04-21 18:51:00 UTC,0.0,0,L
2016-04-22 00:49:00 UTC,1.1,34,H
2016-04-22 07:38:00 UTC,0.1,3,L
2016-04-22 12:52:00 UTC,0.8,24,H
2016-04-22 19:17:00 UTC,0.0,0,L
2016-04-23 01:19:00 UTC,1.1,34,H
2016-04-23 08:15:00 UTC,0.0,0,L
2016-04-23 13:25:00 UTC,0.8,24,H
2016-04-23 19:41:00 UTC,0.0,0,L
2016-04-24 01:48:00 UTC,1.1,34,H
2016-04-24 08:51:00 UTC,0.1,3,L
2016-04-24 13:58:00 UTC,0.8,24,H
2016-04-24 20:06:00 UTC,0.1,3,L
2016-04-25 02:20:00 UTC,1.1,34,H
2016-04-25 09:29:00 UTC,0.1,3,L
2016-04-25 14:34:00 UTC,0.8,24,H
2016-04-25 20:37:00 UTC,0.1,3,L
2016-04-26 02:55:00 UTC,1.1,34,H
2016-04-26 10:09:00 UTC,0.1,3,L
2016-04-26 15:15:00 UTC,0.7,21,H
2016-04-26 21:15:00 UTC,0.1,3,L
2016-04-27 03:35:00 UTC,1.1,34,H
2016-04-27 10:54:00 UTC,0.1,3,L
2016-04-27 16:00:00 UTC,0.7,21,H
2016-04-27 21:59:00 UTC,0.2,6,L
2016-04-28 04:19:00 UTC,1.1,34,H
2016-04-28 11:43:00 UTC,0.1,3,L
2016-04-28 16:53:00 UTC,0.7,21,H
2016-04-28 22:50:00 UTC,0.2,6,L
2016-04-29 05:09:00 UTC,1.1,34,H
2016-04-29 12:36:00 UTC,0.1,3,L
2016-04-29 17:54:00 UTC,0.8,24,H
2016-04-29 23:51:00 UTC,0.2,6,L
2016-04-30 06:05:00 UTC,1.1,34,H
2016-04-30 13:30:00 UTC,0.1,3,L
2016-04-30 19:02:00 UTC,0.9,27,H
2016-05-01 01:01:00 UTC,0.2,6,L
2016-05-01 07:05:00 UTC,1.1,34,H
2016-05-01 14:23:00 UTC,0.1,3,L
2016-05-01 20:10:00 UTC,1.0,30,H
2016-05-02 02:19:00 UTC,0.2,6,L
2016-05-02 08:09:00 UTC,1.1,34,H
2016-05-02 15:16:00 UTC,0.0,0,L
2016-05-02 21:11:00 UTC,1.1,34,H
2016-05-03 03:38:00 UTC,0.2,6,L
2016-05-03 09:12:00 UTC,1.1,34,H
2016-05-03 16:07:00 UTC,0.0,0,L
2016-05-03 22:07:00 UTC,1.2,37,H
2016-05-04 04:49:00 UTC,0.1,3,L
2016-05-04 10:12:00 UTC,1.1,34,H
2016-05-04 16:57:00 UTC,0.0,0,L
2016-05-04 22:59:00 UTC,1.4,43,H
2016-05-05 05:52:00 UTC,0.1,3,L
2016-05-05 11:09:00 UTC,1.1,34,H
2016-05-05 17:48:00 UTC,0.0,0,L
2016-05-05 23:49:00 UTC,1.5,46,H
2016-05-06 06:51:00 UTC,0.0,0,L
2016-05-06 12:03:00 UTC,1.1,34,H
2016-05-06 18:39:00 UTC,0.0,0,L
2016-05-07 00:39:00 UTC,1.5,46,H
2016-05-07 07:48:00 UTC,0.0,0,L
2016-05-07 12:56:00 UTC,1.1,34,H
2016-05-07 19:30:00 UTC,0.0,0,L
2016-05-08 01:29:00 UTC,1.5,46,H
2016-05-08 08:43:00 UTC,0.0,0,L
2016-05-08 13:48:00 UTC,1.1,34,H
2016-05-08 20:23:00 UTC,0.0,0,L
2016-05-09 02:19:00 UTC,1.5,46,H
2016-05-09 09:38:00 UTC,0.0,0,L
2016-05-09 14:42:00 UTC,1.0,30,H
2016-05-09 21:17:00 UTC,0.0,0,L
2016-05-10 03:09:00 UTC,1.4,43,H
2016-05-10 10:34:00 UTC,0.0,0,L
2016-05-10 15:39:00 UTC,1.0,30,H
2016-05-10 22:13:00 UTC,0.1,3,L
2016-05-11 04:01:00 UTC,1.3,40,H
2016-05-11 11:29:00 UTC,0.0,0,L
2016-05-11 16:42:00 UTC,0.9,27,H
2016-05-11 23:12:00 UTC,0.1,3,L
2016-05-12 04:55:00 UTC,1.2,37,H
2016-05-12 12:25:00 UTC,0.0,0,L
2016-05-12 17:51:00 UTC,0.9,27,H
2016-05-13 00:14:00 UTC,0.2,6,L
2016-05-13 05:53:00 UTC,1.1,34,H
2016-05-13 13:19:00 UTC,0.0,0,L
2016-05-13 19:02:00 UTC,0.8,24,H
2016-05-14 01:17:00 UTC,0.2,6,L
2016-05-14 06:53:00 UTC,1.0,30,H
2016-05-14 14:11:00 UTC,0.0,0,L
2016-05-14 20:06:00 UTC,0.9,27,H
2016-05-15 02:20:00 UTC,0.2,6,L
2016-05-15 07:54:00 UTC,0.9,27,H
2016-05-15 15:00:00 UTC,0.0,0,L
2016-05-15 21:02:00 UTC,0.9,27,H
2016-05-16 03:20:00 UTC,0.2,6,L
2016-05-16 08:50:00 UTC,0.9,27,H
2016-05-16 15:45:00 UTC,0.0,0,L
2016-05-16 21:51:00 UTC,0.9,27,H
2016-05-17 04:15:00 UTC,0.2,6,L
2016-05-17 09:42:00 UTC,0.8,24,H
2016-05-17 16:27:00 UTC,0.0,0,L
2016-05-17 22:34:00 UTC,1.0,30,H
2016-05-18 05:05:00 UTC,0.2,6,L
2016-05-18 10:28:00 UTC,0.8,24,H
2016-05-18 17:05:00 UTC,0.0,0,L
2016-05-18 23:13:00 UTC,1.0,30,H
2016-05-19 05:51:00 UTC,0.1,3,L
2016-05-19 11:10:00 UTC,0.8,24,H
2016-05-19 17:40:00 UTC,0.0,0,L
2016-05-19 23:48:00 UTC,1.0,30,H
2016-05-20 06:33:00 UTC,0.1,3,L
2016-05-20 11:48:00 UTC,0.8,24,H
2016-05-20 18:11:00 UTC,0.0,0,L
2016-05-21 00:20:00 UTC,1.1,34,H
2016-05-21 07:14:00 UTC,0.1,3,L
2016-05-21 12:23:00 UTC,0.8,24,H
2016-05-21 18:39:00 UTC,0.0,0,L
2016-05-22 00:50:00 UTC,1.1,34,H
2016-05-22 07:54:00 UTC,0.0,0,L
2016-05-22 12:56:00 UTC,0.8,24,H
2016-05-22 19:06:00 UTC,0.0,0,L
2016-05-23 01:21:00 UTC,1.1,34,H
2016-05-23 08:35:00 UTC,0.0,0,L
2016-05-23 13:31:00 UTC,0.8,24,H
2016-05-23 19:35:00 UTC,0.0,0,L
2016-05-24 01:54:00 UTC,1.1,34,H
2016-05-24 09:16:00 UTC,0.0,0,L
2016-05-24 14:10:00 UTC,0.7,21,H
2016-05-24 20:09:00 UTC,0.1,3,L
2016-05-25 02:31:00 UTC,1.2,37,H
2016-05-25 09:58:00 UTC,0.1,3,L
2016-05-25 14:52:00 UTC,0.8,24,H
2016-05-25 20:48:00 UTC,0.1,3,L
2016-05-26 03:11:00 UTC,1.2,37,H
2016-05-26 10:42:00 UTC,0.1,3,L
2016-05-26 15:39:00 UTC,0.8,24,H
2016-05-26 21:34:00 UTC,0.1,3,L
2016-05-27 03:56:00 UTC,1.2,37,H
2016-05-27 11:27:00 UTC,0.1,3,L
2016-05-27 16:32:00 UTC,0.8,24,H
2016-05-27 22:28:00 UTC,0.2,6,L
2016-05-28 04:45:00 UTC,1.2,37,H
2016-05-28 12:13:00 UTC,0.1,3,L
2016-05-28 17:32:00 UTC,0.9,27,H
2016-05-28 23:32:00 UTC,0.2,6,L
2016-05-29 05:39:00 UTC,1.1,34,H
2016-05-29 13:01:00 UTC,0.1,3,L
2016-05-29 18:37:00 UTC,0.9,27,H
2016-05-30 00:44:00 UTC,0.2,6,L
2016-05-30 06:38:00 UTC,1.1,34,H
2016-05-30 13:52:00 UTC,0.1,3,L
2016-05-30 19:44:00 UTC,1.0,30,H
2016-05-31 02:06:00 UTC,0.2,6,L
2016-05-31 07:42:00 UTC,1.1,34,H
2016-05-31 14:44:00 UTC,0.0,0,L
2016-05-31 20:47:00 UTC,1.2,37,H
2016-06-01 03:26:00 UTC,0.2,6,L
2016-06-01 08:47:00 UTC,1.1,34,H
2016-06-01 15:38:00 UTC,0.0,0,L
2016-06-01 21:45:00 UTC,1.3,40,H
2016-06-02 04:37:00 UTC,0.2,6,L
2016-06-02 09:50:00 UTC,1.1,34,H
2016-06-02 16:32:00 UTC,0.0,0,L
2016-06-02 22:40:00 UTC,1.4,43,H
2016-06-03 05:40:00 UTC,0.1,3,L
2016-06-03 10:49:00 UTC,1.1,34,H
2016-06-03 17:26:00 UTC,0.0,0,L
2016-06-03 23:32:00 UTC,1.4,43,H
2016-06-04 06:39:00 UTC,0.1,3,L
2016-06-04 11:44:00 UTC,1.1,34,H
2016-06-04 18:19:00 UTC,-0.1,-3,L
2016-06-05 00:23:00 UTC,1.5,46,H
2016-06-05 07:35:00 UTC,0.0,0,L
2016-06-05 12:38:00 UTC,1.0,30,H
2016-06-05 19:12:00 UTC,0.0,0,L
2016-06-06 01:12:00 UTC,1.5,46,H
2016-06-06 08:29:00 UTC,0.0,0,L
2016-06-06 13:30:00 UTC,1.0,30,H
2016-06-06 20:04:00 UTC,0.0,0,L
2016-06-07 02:01:00 UTC,1.4,43,H
2016-06-07 09:21:00 UTC,0.0,0,L
2016-06-07 14:24:00 UTC,1.0,30,H
2016-06-07 20:56:00 UTC,0.0,0,L
2016-06-08 02:49:00 UTC,1.4,43,H
2016-06-08 10:13:00 UTC,0.0,0,L
2016-06-08 15:19:00 UTC,0.9,27,H
2016-06-08 21:48:00 UTC,0.1,3,L
2016-06-09 03:37:00 UTC,1.3,40,H
2016-06-09 11:04:00 UTC,0.0,0,L
2016-06-09 16:18:00 UTC,0.9,27,H
2016-06-09 22:43:00 UTC,0.1,3,L
2016-06-10 04:26:00 UTC,1.2,37,H
2016-06-10 11:54:00 UTC,0.0,0,L
2016-06-10 17:22:00 UTC,0.9,27,H
2016-06-10 23:39:00 UTC,0.2,6,L
2016-06-11 05:17:00 UTC,1.1,34,H
2016-06-11 12:43:00 UTC,0.0,0,L
2016-06-11 18:27:00 UTC,0.8,24,H
2016-06-12 00:38:00 UTC,0.2,6,L
2016-06-12 06:11:00 UTC,1.0,30,H
2016-06-12 13:31:00 UTC,0.0,0,L
2016-06-12 19:30:00 UTC,0.8,24,H
2016-06-13 01:39:00 UTC,0.3,9,L
2016-06-13 07:09:00 UTC,0.9,27,H
2016-06-13 14:17:00 UTC,0.0,0,L
2016-06-13 20:26:00 UTC,0.9,27,H
2016-06-14 02:38:00 UTC,0.3,9,L
2016-06-14 08:08:00 UTC,0.8,24,H
2016-06-14 15:01:00 UTC,0.0,0,L
2016-06-14 21:16:00 UTC,0.9,27,H
2016-06-15 03:35:00 UTC,0.2,6,L
2016-06-15 09:03:00 UTC,0.8,24,H
2016-06-15 15:44:00 UTC,0.0,0,L
2016-06-15 22:00:00 UTC,0.9,27,H
2016-06-16 04:28:00 UTC,0.2,6,L
2016-06-16 09:52:00 UTC,0.8,24,H
2016-06-16 16:23:00 UTC,0.0,0,L
2016-06-16 22:40:00 UTC,1.0,30,H
2016-06-17 05:17:00 UTC,0.2,6,L
2016-06-17 10:36:00 UTC,0.8,24,H
2016-06-17 17:00:00 UTC,0.0,0,L
2016-06-17 23:17:00 UTC,1.0,30,H
2016-06-18 06:03:00 UTC,0.1,3,L
2016-06-18 11:15:00 UTC,0.8,24,H
2016-06-18 17:35:00 UTC,0.0,0,L
2016-06-18 23:50:00 UTC,1.1,34,H
2016-06-19 06:47:00 UTC,0.1,3,L
2016-06-19 11:52:00 UTC,0.8,24,H
2016-06-19 18:07:00 UTC,0.0,0,L
2016-06-20 00:22:00 UTC,1.1,34,H
2016-06-20 07:31:00 UTC,0.1,3,L
2016-06-20 12:28:00 UTC,0.8,24,H
2016-06-20 18:38:00 UTC,0.0,0,L
2016-06-21 00:56:00 UTC,1.2,37,H
2016-06-21 08:14:00 UTC,0.1,3,L
2016-06-21 13:07:00 UTC,0.8,24,H
2016-06-21 19:12:00 UTC,0.0,0,L
2016-06-22 01:31:00 UTC,1.2,37,H
2016-06-22 08:56:00 UTC,0.1,3,L
2016-06-22 13:48:00 UTC,0.8,24,H
2016-06-22 19:50:00 UTC,0.1,3,L
2016-06-23 02:10:00 UTC,1.3,40,H
2016-06-23 09:39:00 UTC,0.1,3,L
2016-06-23 14:32:00 UTC,0.9,27,H
2016-06-23 20:33:00 UTC,0.1,3,L
2016-06-24 02:51:00 UTC,1.3,40,H
2016-06-24 10:21:00 UTC,0.1,3,L
2016-06-24 15:20:00 UTC,0.9,27,H
2016-06-24 21:23:00 UTC,0.1,3,L
2016-06-25 03:36:00 UTC,1.3,40,H
2016-06-25 11:03:00 UTC,0.1,3,L
2016-06-25 16:13:00 UTC,0.9,27,H
2016-06-25 22:19:00 UTC,0.2,6,L
2016-06-26 04:25:00 UTC,1.2,37,H
2016-06-26 11:48:00 UTC,0.1,3,L
2016-06-26 17:11:00 UTC,1.0,30,H
2016-06-26 23:24:00 UTC,0.2,6,L
2016-06-27 05:18:00 UTC,1.2,37,H
2016-06-27 12:36:00 UTC,0.1,3,L
2016-06-27 18:13:00 UTC,1.1,34,H
2016-06-28 00:39:00 UTC,0.3,9,L
2016-06-28 06:17:00 UTC,1.1,34,H
2016-06-28 13:28:00 UTC,0.1,3,L
2016-06-28 19:20:00 UTC,1.1,34,H
2016-06-29 02:00:00 UTC,0.3,9,L
2016-06-29 07:22:00 UTC,1.1,34,H
2016-06-29 14:23:00 UTC,0.1,3,L
2016-06-29 20:25:00 UTC,1.2,37,H
2016-06-30 03:17:00 UTC,0.3,9,L
2016-06-30 08:28:00 UTC,1.1,34,H
2016-06-30 15:21:00 UTC,0.1,3,L
2016-06-30 21:27:00 UTC,1.3,40,H
2016-07-01 04:26:00 UTC,0.2,6,L
2016-07-01 09:33:00 UTC,1.1,34,H
2016-07-01 16:18:00 UTC,0.0,0,L
2016-07-01 22:24:00 UTC,1.4,43,H
2016-07-02 05:28:00 UTC,0.2,6,L
2016-07-02 10:33:00 UTC,1.1,34,H
2016-07-02 17:13:00 UTC,0.0,0,L
2016-07-02 23:17:00 UTC,1.4,43,H
2016-07-03 06:26:00 UTC,0.2,6,L
2016-07-03 11:28:00 UTC,1.1,34,H
2016-07-03 18:07:00 UTC,0.0,0,L
2016-07-04 00:07:00 UTC,1.5,46,H
2016-07-04 07:19:00 UTC,0.1,3,L
2016-07-04 12:21:00 UTC,1.1,34,H
2016-07-04 18:58:00 UTC,0.0,0,L
2016-07-05 00:56:00 UTC,1.4,43,H
2016-07-05 08:10:00 UTC,0.1,3,L
2016-07-05 13:13:00 UTC,1.1,34,H
2016-07-05 19:47:00 UTC,0.0,0,L
2016-07-06 01:42:00 UTC,1.4,43,H
2016-07-06 08:59:00 UTC,0.1,3,L
2016-07-06 14:04:00 UTC,1.0,30,H
2016-07-06 20:36:00 UTC,0.1,3,L
2016-07-07 02:27:00 UTC,1.3,40,H
2016-07-07 09:46:00 UTC,0.1,3,L
2016-07-07 14:55:00 UTC,1.0,30,H
2016-07-07 21:23:00 UTC,0.1,3,L
2016-07-08 03:11:00 UTC,1.3,40,H
2016-07-08 10:32:00 UTC,0.1,3,L
2016-07-08 15:48:00 UTC,1.0,30,H
2016-07-08 22:11:00 UTC,0.2,6,L
2016-07-09 03:55:00 UTC,1.2,37,H
2016-07-09 11:17:00 UTC,0.1,3,L
2016-07-09 16:43:00 UTC,0.9,27,H
2016-07-09 23:00:00 UTC,0.2,6,L
2016-07-10 04:40:00 UTC,1.1,34,H
2016-07-10 12:01:00 UTC,0.1,3,L
2016-07-10 17:40:00 UTC,0.9,27,H
2016-07-10 23:52:00 UTC,0.3,9,L
2016-07-11 05:27:00 UTC,1.0,30,H
2016-07-11 12:45:00 UTC,0.1,3,L
2016-07-11 18:40:00 UTC,0.9,27,H
2016-07-12 00:47:00 UTC,0.3,9,L
2016-07-12 06:20:00 UTC,0.9,27,H
2016-07-12 13:30:00 UTC,0.1,3,L
2016-07-12 19:37:00 UTC,0.9,27,H
2016-07-13 01:46:00 UTC,0.3,9,L
2016-07-13 07:19:00 UTC,0.9,27,H
2016-07-13 14:14:00 UTC,0.1,3,L
2016-07-13 20:31:00 UTC,0.9,27,H
2016-07-14 02:45:00 UTC,0.3,9,L
2016-07-14 08:18:00 UTC,0.8,24,H
2016-07-14 14:58:00 UTC,0.1,3,L
2016-07-14 21:19:00 UTC,1.0,30,H
2016-07-15 03:43:00 UTC,0.3,9,L
2016-07-15 09:12:00 UTC,0.8,24,H
2016-07-15 15:41:00 UTC,0.1,3,L
2016-07-15 22:02:00 UTC,1.0,30,H
2016-07-16 04:38:00 UTC,0.3,9,L
2016-07-16 09:59:00 UTC,0.8,24,H
2016-07-16 16:22:00 UTC,0.1,3,L
2016-07-16 22:41:00 UTC,1.1,34,H
2016-07-17 05:29:00 UTC,0.2,6,L
2016-07-17 10:41:00 UTC,0.9,27,H
2016-07-17 17:00:00 UTC,0.1,3,L
2016-07-17 23:17:00 UTC,1.2,37,H
2016-07-18 06:16:00 UTC,0.2,6,L
2016-07-18 11:22:00 UTC,0.9,27,H
2016-07-18 17:38:00 UTC,0.1,3,L
2016-07-18 23:53:00 UTC,1.2,37,H
2016-07-19 07:02:00 UTC,0.2,6,L
2016-07-19 12:02:00 UTC,0.9,27,H
2016-07-19 18:17:00 UTC,0.1,3,L
2016-07-20 00:30:00 UTC,1.3,40,H
2016-07-20 07:45:00 UTC,0.2,6,L
2016-07-20 12:44:00 UTC,1.0,30,H
2016-07-20 18:58:00 UTC,0.1,3,L
2016-07-21 01:09:00 UTC,1.4,43,H
2016-07-21 08:28:00 UTC,0.2,6,L
2016-07-21 13:27:00 UTC,1.0,30,H
2016-07-21 19:41:00 UTC,0.1,3,L
2016-07-22 01:50:00 UTC,1.4,43,H
2016-07-22 09:09:00 UTC,0.2,6,L
2016-07-22 14:13:00 UTC,1.1,34,H
2016-07-22 20:29:00 UTC,0.2,6,L
2016-07-23 02:33:00 UTC,1.4,43,H
2016-07-23 09:52:00 UTC,0.2,6,L
2016-07-23 15:01:00 UTC,1.1,34,H
2016-07-23 21:22:00 UTC,0.2,6,L
2016-07-24 03:19:00 UTC,1.4,43,H
2016-07-24 10:35:00 UTC,0.2,6,L
2016-07-24 15:53:00 UTC,1.2,37,H
2016-07-24 22:20:00 UTC,0.3,9,L
2016-07-25 04:09:00 UTC,1.3,40,H
2016-07-25 11:22:00 UTC,0.2,6,L
2016-07-25 16:49:00 UTC,1.2,37,H
2016-07-25 23:26:00 UTC,0.3,9,L
2016-07-26 05:02:00 UTC,1.2,37,H
2016-07-26 12:14:00 UTC,0.2,6,L
2016-07-26 17:51:00 UTC,1.2,37,H
2016-07-27 00:39:00 UTC,0.4,12,L
2016-07-27 06:02:00 UTC,1.2,37,H
2016-07-27 13:11:00 UTC,0.2,6,L
2016-07-27 18:58:00 UTC,1.3,40,H
2016-07-28 01:56:00 UTC,0.4,12,L
2016-07-28 07:08:00 UTC,1.2,37,H
2016-07-28 14:11:00 UTC,0.2,6,L
2016-07-28 20:07:00 UTC,1.3,40,H
2016-07-29 03:08:00 UTC,0.4,12,L
2016-07-29 08:17:00 UTC,1.1,34,H
2016-07-29 15:12:00 UTC,0.2,6,L
2016-07-29 21:11:00 UTC,1.4,43,H
2016-07-30 04:14:00 UTC,0.4,12,L
2016-07-30 09:23:00 UTC,1.1,34,H
2016-07-30 16:10:00 UTC,0.2,6,L
2016-07-30 22:10:00 UTC,1.4,43,H
2016-07-31 05:14:00 UTC,0.3,9,L
2016-07-31 10:22:00 UTC,1.1,34,H
2016-07-31 17:05:00 UTC,0.1,3,L
2016-07-31 23:03:00 UTC,1.4,43,H
2016-08-01 06:09:00 UTC,0.3,9,L
2016-08-01 11:16:00 UTC,1.2,37,H
2016-08-01 17:57:00 UTC,0.1,3,L
2016-08-01 23:52:00 UTC,1.5,46,H
2016-08-02 06:59:00 UTC,0.2,6,L
2016-08-02 12:07:00 UTC,1.2,37,H
2016-08-02 18:46:00 UTC,0.1,3,L
2016-08-03 00:38:00 UTC,1.4,43,H
2016-08-03 07:46:00 UTC,0.2,6,L
2016-08-03 12:56:00 UTC,1.2,37,H
2016-08-03 19:33:00 UTC,0.1,3,L
2016-08-04 01:21:00 UTC,1.4,43,H
2016-08-04 08:30:00 UTC,0.2,6,L
2016-08-04 13:42:00 UTC,1.2,37,H
2016-08-04 20:17:00 UTC,0.2,6,L
2016-08-05 02:03:00 UTC,1.3,40,H
2016-08-05 09:13:00 UTC,0.2,6,L
2016-08-05 14:28:00 UTC,1.1,34,H
2016-08-05 20:59:00 UTC,0.2,6,L
2016-08-06 02:43:00 UTC,1.3,40,H
2016-08-06 09:53:00 UTC,0.2,6,L
2016-08-06 15:13:00 UTC,1.1,34,H
2016-08-06 21:40:00 UTC,0.2,6,L
2016-08-07 03:23:00 UTC,1.2,37,H
2016-08-07 10:33:00 UTC,0.2,6,L
2016-08-07 15:57:00 UTC,1.1,34,H
2016-08-07 22:20:00 UTC,0.3,9,L
2016-08-08 04:03:00 UTC,1.1,34,H
2016-08-08 11:13:00 UTC,0.2,6,L
2016-08-08 16:44:00 UTC,1.0,30,H
2016-08-08 23:02:00 UTC,0.3,9,L
2016-08-09 04:46:00 UTC,1.0,30,H
2016-08-09 11:54:00 UTC,0.3,9,L
2016-08-09 17:33:00 UTC,1.0,30,H
2016-08-09 23:50:00 UTC,0.4,12,L
2016-08-10 05:32:00 UTC,1.0,30,H
2016-08-10 12:37:00 UTC,0.3,9,L
2016-08-10 18:28:00 UTC,1.0,30,H
2016-08-11 00:45:00 UTC,0.4,12,L
2016-08-11 06:25:00 UTC,0.9,27,H
2016-08-11 13:23:00 UTC,0.3,9,L
2016-08-11 19:26:00 UTC,1.0,30,H
2016-08-12 01:49:00 UTC,0.4,12,L
2016-08-12 07:26:00 UTC,0.9,27,H
2016-08-12 14:10:00 UTC,0.3,9,L
2016-08-12 20:23:00 UTC,1.0,30,H
2016-08-13 02:55:00 UTC,0.4,12,L
2016-08-13 08:27:00 UTC,0.9,27,H
2016-08-13 14:57:00 UTC,0.3,9,L
2016-08-13 21:13:00 UTC,1.1,34,H
2016-08-14 03:56:00 UTC,0.4,12,L
2016-08-14 09:20:00 UTC,1.0,30,H
2016-08-14 15:43:00 UTC,0.2,6,L
2016-08-14 21:58:00 UTC,1.2,37,H
2016-08-15 04:51:00 UTC,0.3,9,L
2016-08-15 10:08:00 UTC,1.0,30,H
2016-08-15 16:29:00 UTC,0.2,6,L
2016-08-15 22:41:00 UTC,1.3,40,H
2016-08-16 05:40:00 UTC,0.3,9,L
2016-08-16 10:53:00 UTC,1.1,34,H
2016-08-16 17:14:00 UTC,0.2,6,L
2016-08-16 23:22:00 UTC,1.4,43,H
2016-08-17 06:26:00 UTC,0.3,9,L
2016-08-17 11:37:00 UTC,1.2,37,H
2016-08-17 18:00:00 UTC,0.2,6,L
2016-08-18 00:04:00 UTC,1.4,43,H
2016-08-18 07:09:00 UTC,0.3,9,L
2016-08-18 12:21:00 UTC,1.2,37,H
2016-08-18 18:48:00 UTC,0.2,6,L
2016-08-19 00:46:00 UTC,1.5,46,H
2016-08-19 07:52:00 UTC,0.3,9,L
2016-08-19 13:06:00 UTC,1.3,40,H
2016-08-19 19:37:00 UTC,0.2,6,L
2016-08-20 01:30:00 UTC,1.5,46,H
2016-08-20 08:34:00 UTC,0.3,9,L
2016-08-20 13:53:00 UTC,1.4,43,H
2016-08-20 20:29:00 UTC,0.2,6,L
2016-08-21 02:16:00 UTC,1.5,46,H
2016-08-21 09:18:00 UTC,0.3,9,L
2016-08-21 14:41:00 UTC,1.4,43,H
2016-08-21 21:24:00 UTC,0.3,9,L
2016-08-22 03:04:00 UTC,1.4,43,H
2016-08-22 10:06:00 UTC,0.3,9,L
2016-08-22 15:32:00 UTC,1.4,43,H
2016-08-22 22:23:00 UTC,0.3,9,L
2016-08-23 03:54:00 UTC,1.4,43,H
2016-08-23 10:58:00 UTC,0.3,9,L
2016-08-23 16:28:00 UTC,1.4,43,H
2016-08-23 23:28:00 UTC,0.4,12,L
2016-08-24 04:50:00 UTC,1.3,40,H
2016-08-24 11:55:00 UTC,0.4,12,L
2016-08-24 17:29:00 UTC,1.4,43,H
2016-08-25 00:37:00 UTC,0.4,12,L
2016-08-25 05:51:00 UTC,1.3,40,H
2016-08-25 12:57:00 UTC,0.4,12,L
2016-08-25 18:38:00 UTC,1.4,43,H
2016-08-26 01:48:00 UTC,0.5,15,L
2016-08-26 07:01:00 UTC,1.2,37,H
2016-08-26 14:01:00 UTC,0.4,12,L
2016-08-26 19:49:00 UTC,1.4,43,H
2016-08-27 02:56:00 UTC,0.5,15,L
2016-08-27 08:12:00 UTC,1.2,37,H
2016-08-27 15:03:00 UTC,0.3,9,L
2016-08-27 20:56:00 UTC,1.4,43,H
2016-08-28 03:59:00 UTC,0.4,12,L
2016-08-28 09:17:00 UTC,1.2,37,H
2016-08-28 16:02:00 UTC,0.3,9,L
2016-08-28 21:55:00 UTC,1.4,43,H
2016-08-29 04:56:00 UTC,0.4,12,L
2016-08-29 10:14:00 UTC,1.2,37,H
2016-08-29 16:57:00 UTC,0.3,9,L
2016-08-29 22:47:00 UTC,1.4,43,H
2016-08-30 05:47:00 UTC,0.4,12,L
2016-08-30 11:06:00 UTC,1.3,40,H
2016-08-30 17:47:00 UTC,0.3,9,L
2016-08-30 23:34:00 UTC,1.4,43,H
2016-08-31 06:34:00 UTC,0.3,9,L
2016-08-31 11:53:00 UTC,1.3,40,H
2016-08-31 18:34:00 UTC,0.2,6,L
2016-09-01 00:17:00 UTC,1.4,43,H
2016-09-01 07:16:00 UTC,0.3,9,L
2016-09-01 12:37:00 UTC,1.3,40,H
2016-09-01 19:18:00 UTC,0.2,6,L
2016-09-02 00:58:00 UTC,1.4,43,H
2016-09-02 07:56:00 UTC,0.3,9,L
2016-09-02 13:18:00 UTC,1.3,40,H
2016-09-02 19:58:00 UTC,0.3,9,L
2016-09-03 01:37:00 UTC,1.3,40,H
2016-09-03 08:34:00 UTC,0.3,9,L
2016-09-03 13:58:00 UTC,1.3,40,H
2016-09-03 20:36:00 UTC,0.3,9,L
2016-09-04 02:15:00 UTC,1.3,40,H
2016-09-04 09:10:00 UTC,0.3,9,L
2016-09-04 14:36:00 UTC,1.2,37,H
2016-09-04 21:11:00 UTC,0.3,9,L
2016-09-05 02:52:00 UTC,1.2,37,H
2016-09-05 09:44:00 UTC,0.3,9,L
2016-09-05 15:13:00 UTC,1.2,37,H
2016-09-05 21:45:00 UTC,0.3,9,L
2016-09-06 03:29:00 UTC,1.1,34,H
2016-09-06 10:18:00 UTC,0.4,12,L
2016-09-06 15:51:00 UTC,1.1,34,H
2016-09-06 22:21:00 UTC,0.4,12,L
2016-09-07 04:08:00 UTC,1.1,34,H
2016-09-07 10:55:00 UTC,0.4,12,L
2016-09-07 16:32:00 UTC,1.1,34,H
2016-09-07 23:04:00 UTC,0.4,12,L
2016-09-08 04:50:00 UTC,1.0,30,H
2016-09-08 11:37:00 UTC,0.4,12,L
2016-09-08 17:18:00 UTC,1.1,34,H
2016-09-08 23:57:00 UTC,0.4,12,L
2016-09-09 05:40:00 UTC,1.0,30,H
2016-09-09 12:24:00 UTC,0.4,12,L
2016-09-09 18:12:00 UTC,1.1,34,H
2016-09-10 01:01:00 UTC,0.4,12,L
2016-09-10 06:38:00 UTC,1.0,30,H
2016-09-10 13:16:00 UTC,0.4,12,L
2016-09-10 19:13:00 UTC,1.1,34,H
2016-09-11 02:09:00 UTC,0.4,12,L
2016-09-11 07:42:00 UTC,1.0,30,H
2016-09-11 14:11:00 UTC,0.4,12,L
2016-09-11 20:14:00 UTC,1.2,37,H
2016-09-12 03:13:00 UTC,0.4,12,L
2016-09-12 08:43:00 UTC,1.1,34,H
2016-09-12 15:05:00 UTC,0.4,12,L
2016-09-12 21:10:00 UTC,1.3,40,H
2016-09-13 04:08:00 UTC,0.4,12,L
2016-09-13 09:37:00 UTC,1.1,34,H
2016-09-13 16:00:00 UTC,0.3,9,L
2016-09-13 22:01:00 UTC,1.3,40,H
2016-09-14 04:58:00 UTC,0.4,12,L
2016-09-14 10:26:00 UTC,1.2,37,H
2016-09-14 16:53:00 UTC,0.3,9,L
2016-09-14 22:50:00 UTC,1.4,43,H
2016-09-15 05:44:00 UTC,0.3,9,L
2016-09-15 11:13:00 UTC,1.4,43,H
2016-09-15 17:46:00 UTC,0.2,6,L
2016-09-15 23:37:00 UTC,1.5,46,H
2016-09-16 06:29:00 UTC,0.3,9,L
2016-09-16 11:59:00 UTC,1.5,46,H
2016-09-16 18:38:00 UTC,0.2,6,L
2016-09-17 00:23:00 UTC,1.5,46,H
2016-09-17 07:13:00 UTC,0.3,9,L
2016-09-17 12:45:00 UTC,1.5,46,H
2016-09-17 19:31:00 UTC,0.2,6,L
2016-09-18 01:10:00 UTC,1.5,46,H
2016-09-18 07:58:00 UTC,0.3,9,L
2016-09-18 13:32:00 UTC,1.6,49,H
2016-09-18 20:25:00 UTC,0.2,6,L
2016-09-19 01:59:00 UTC,1.5,46,H
2016-09-19 08:46:00 UTC,0.3,9,L
2016-09-19 14:21:00 UTC,1.6,49,H
2016-09-19 21:21:00 UTC,0.3,9,L
2016-09-20 02:48:00 UTC,1.4,43,H
2016-09-20 09:38:00 UTC,0.4,12,L
2016-09-20 15:13:00 UTC,1.6,49,H
2016-09-20 22:21:00 UTC,0.3,9,L
2016-09-21 03:41:00 UTC,1.4,43,H
2016-09-21 10:35:00 UTC,0.4,12,L
2016-09-21 16:08:00 UTC,1.5,46,H
2016-09-21 23:24:00 UTC,0.4,12,L
2016-09-22 04:38:00 UTC,1.3,40,H
2016-09-22 11:37:00 UTC,0.4,12,L
2016-09-22 17:09:00 UTC,1.5,46,H
2016-09-23 00:29:00 UTC,0.4,12,L
2016-09-23 05:43:00 UTC,1.3,40,H
2016-09-23 12:42:00 UTC,0.4,12,L
2016-09-23 18:18:00 UTC,1.4,43,H
2016-09-24 01:35:00 UTC,0.4,12,L
2016-09-24 06:56:00 UTC,1.2,37,H
2016-09-24 13:47:00 UTC,0.4,12,L
2016-09-24 19:30:00 UTC,1.4,43,H
2016-09-25 02:39:00 UTC,0.4,12,L
2016-09-25 08:08:00 UTC,1.2,37,H
2016-09-25 14:51:00 UTC,0.4,12,L
2016-09-25 20:37:00 UTC,1.3,40,H
2016-09-26 03:38:00 UTC,0.4,12,L
2016-09-26 09:10:00 UTC,1.2,37,H
2016-09-26 15:50:00 UTC,0.4,12,L
2016-09-26 21:35:00 UTC,1.3,40,H
2016-09-27 04:31:00 UTC,0.4,12,L
2016-09-27 10:04:00 UTC,1.3,40,H
2016-09-27 16:44:00 UTC,0.3,9,L
2016-09-27 22:27:00 UTC,1.3,40,H
2016-09-28 05:19:00 UTC,0.3,9,L
2016-09-28 10:52:00 UTC,1.3,40,H
2016-09-28 17:34:00 UTC,0.3,9,L
2016-09-28 23:13:00 UTC,1.3,40,H
2016-09-29 06:03:00 UTC,0.3,9,L
2016-09-29 11:36:00 UTC,1.3,40,H
2016-09-29 18:20:00 UTC,0.3,9,L
2016-09-29 23:55:00 UTC,1.3,40,H
2016-09-30 06:42:00 UTC,0.3,9,L
2016-09-30 12:16:00 UTC,1.3,40,H
2016-09-30 19:01:00 UTC,0.3,9,L
2016-10-01 00:35:00 UTC,1.2,37,H
2016-10-01 07:19:00 UTC,0.3,9,L
2016-10-01 12:53:00 UTC,1.3,40,H
2016-10-01 19:39:00 UTC,0.3,9,L
2016-10-02 01:12:00 UTC,1.2,37,H
2016-10-02 07:53:00 UTC,0.3,9,L
2016-10-02 13:28:00 UTC,1.3,40,H
2016-10-02 20:14:00 UTC,0.3,9,L
2016-10-03 01:48:00 UTC,1.2,37,H
2016-10-03 08:23:00 UTC,0.3,9,L
2016-10-03 14:01:00 UTC,1.3,40,H
2016-10-03 20:47:00 UTC,0.3,9,L
2016-10-04 02:22:00 UTC,1.1,34,H
2016-10-04 08:52:00 UTC,0.3,9,L
2016-10-04 14:34:00 UTC,1.2,37,H
2016-10-04 21:19:00 UTC,0.3,9,L
2016-10-05 02:57:00 UTC,1.1,34,H
2016-10-05 09:21:00 UTC,0.4,12,L
2016-10-05 15:09:00 UTC,1.2,37,H
2016-10-05 21:54:00 UTC,0.3,9,L
2016-10-06 03:34:00 UTC,1.0,30,H
2016-10-06 09:57:00 UTC,0.4,12,L
2016-10-06 15:47:00 UTC,1.2,37,H
2016-10-06 22:36:00 UTC,0.3,9,L
2016-10-07 04:15:00 UTC,1.0,30,H
2016-10-07 10:39:00 UTC,0.4,12,L
2016-10-07 16:32:00 UTC,1.1,34,H
2016-10-07 23:27:00 UTC,0.4,12,L
2016-10-08 05:03:00 UTC,1.0,30,H
2016-10-08 11:29:00 UTC,0.4,12,L
2016-10-08 17:22:00 UTC,1.1,34,H
2016-10-09 00:26:00 UTC,0.4,12,L
2016-10-09 06:00:00 UTC,1.0,30,H
2016-10-09 12:25:00 UTC,0.4,12,L
2016-10-09 18:19:00 UTC,1.2,37,H
2016-10-10 01:28:00 UTC,0.4,12,L
2016-10-10 07:04:00 UTC,1.0,30,H
2016-10-10 13:27:00 UTC,0.4,12,L
2016-10-10 19:21:00 UTC,1.2,37,H
2016-10-11 02:28:00 UTC,0.4,12,L
2016-10-11 08:08:00 UTC,1.1,34,H
2016-10-11 14:31:00 UTC,0.4,12,L
2016-10-11 20:24:00 UTC,1.2,37,H
2016-10-12 03:23:00 UTC,0.3,9,L
2016-10-12 09:06:00 UTC,1.2,37,H
2016-10-12 15:34:00 UTC,0.3,9,L
2016-10-12 21:23:00 UTC,1.3,40,H
2016-10-13 04:13:00 UTC,0.3,9,L
2016-10-13 09:59:00 UTC,1.3,40,H
2016-10-13 16:35:00 UTC,0.3,9,L
2016-10-13 22:18:00 UTC,1.3,40,H
2016-10-14 05:01:00 UTC,0.3,9,L
2016-10-14 10:48:00 UTC,1.4,43,H
2016-10-14 17:32:00 UTC,0.2,6,L
2016-10-14 23:10:00 UTC,1.4,43,H
2016-10-15 05:48:00 UTC,0.3,9,L
2016-10-15 11:36:00 UTC,1.5,46,H
2016-10-15 18:28:00 UTC,0.2,6,L
2016-10-16 00:01:00 UTC,1.4,43,H
2016-10-16 06:36:00 UTC,0.2,6,L
2016-10-16 12:25:00 UTC,1.6,49,H
2016-10-16 19:23:00 UTC,0.2,6,L
2016-10-17 00:51:00 UTC,1.4,43,H
2016-10-17 07:26:00 UTC,0.2,6,L
2016-10-17 13:13:00 UTC,1.6,49,H
2016-10-17 20:18:00 UTC,0.2,6,L
2016-10-18 01:41:00 UTC,1.4,43,H
2016-10-18 08:19:00 UTC,0.3,9,L
2016-10-18 14:03:00 UTC,1.6,49,H
2016-10-18 21:14:00 UTC,0.2,6,L
2016-10-19 02:33:00 UTC,1.3,40,H
2016-10-19 09:15:00 UTC,0.3,9,L
2016-10-19 14:55:00 UTC,1.6,49,H
2016-10-19 22:12:00 UTC,0.2,6,L
2016-10-20 03:27:00 UTC,1.3,40,H
2016-10-20 10:14:00 UTC,0.3,9,L
2016-10-20 15:50:00 UTC,1.5,46,H
2016-10-20 23:13:00 UTC,0.3,9,L
2016-10-21 04:26:00 UTC,1.2,37,H
2016-10-21 11:17:00 UTC,0.3,9,L
2016-10-21 16:49:00 UTC,1.4,43,H
2016-10-22 00:14:00 UTC,0.3,9,L
2016-10-22 05:33:00 UTC,1.2,37,H
2016-10-22 12:23:00 UTC,0.4,12,L
2016-10-22 17:54:00 UTC,1.3,40,H
2016-10-23 01:15:00 UTC,0.3,9,L
2016-10-23 06:46:00 UTC,1.1,34,H
2016-10-23 13:28:00 UTC,0.4,12,L
2016-10-23 19:04:00 UTC,1.2,37,H
2016-10-24 02:14:00 UTC,0.3,9,L
2016-10-24 07:55:00 UTC,1.1,34,H
2016-10-24 14:32:00 UTC,0.3,9,L
2016-10-24 20:11:00 UTC,1.2,37,H
2016-10-25 03:10:00 UTC,0.3,9,L
2016-10-25 08:55:00 UTC,1.2,37,H
2016-10-25 15:31:00 UTC,0.3,9,L
2016-10-25 21:10:00 UTC,1.1,34,H
2016-10-26 04:00:00 UTC,0.3,9,L
2016-10-26 09:47:00 UTC,1.2,37,H
2016-10-26 16:26:00 UTC,0.3,9,L
2016-10-26 22:02:00 UTC,1.1,34,H
2016-10-27 04:46:00 UTC,0.2,6,L
2016-10-27 10:33:00 UTC,1.2,37,H
2016-10-27 17:16:00 UTC,0.2,6,L
2016-10-27 22:49:00 UTC,1.1,34,H
2016-10-28 05:28:00 UTC,0.2,6,L
2016-10-28 11:14:00 UTC,1.2,37,H
2016-10-28 18:00:00 UTC,0.2,6,L
2016-10-28 23:32:00 UTC,1.0,30,H
2016-10-29 06:06:00 UTC,0.2,6,L
2016-10-29 11:52:00 UTC,1.2,37,H
2016-10-29 18:41:00 UTC,0.2,6,L
2016-10-30 00:11:00 UTC,1.0,30,H
2016-10-30 06:41:00 UTC,0.2,6,L
2016-10-30 12:27:00 UTC,1.2,37,H
2016-10-30 19:18:00 UTC,0.2,6,L
2016-10-31 00:48:00 UTC,1.0,30,H
2016-10-31 07:13:00 UTC,0.2,6,L
2016-10-31 12:59:00 UTC,1.2,37,H
2016-10-31 19:54:00 UTC,0.1,3,L
2016-11-01 01:22:00 UTC,1.0,30,H
2016-11-01 07:41:00 UTC,0.2,6,L
2016-11-01 13:30:00 UTC,1.2,37,H
2016-11-01 20:28:00 UTC,0.1,3,L
2016-11-02 01:55:00 UTC,0.9,27,H
2016-11-02 08:07:00 UTC,0.2,6,L
2016-11-02 14:02:00 UTC,1.2,37,H
2016-11-02 21:02:00 UTC,0.2,6,L
2016-11-03 02:28:00 UTC,0.9,27,H
2016-11-03 08:36:00 UTC,0.3,9,L
2016-11-03 14:36:00 UTC,1.1,34,H
2016-11-03 21:39:00 UTC,0.2,6,L
2016-11-04 03:05:00 UTC,0.9,27,H
2016-11-04 09:12:00 UTC,0.3,9,L
2016-11-04 15:14:00 UTC,1.1,34,H
2016-11-04 22:20:00 UTC,0.2,6,L
2016-11-05 03:46:00 UTC,0.9,27,H
2016-11-05 09:55:00 UTC,0.3,9,L
2016-11-05 15:57:00 UTC,1.1,34,H
2016-11-05 23:06:00 UTC,0.2,6,L
2016-11-06 04:34:00 UTC,0.9,27,H
2016-11-06 10:46:00 UTC,0.3,9,L
2016-11-06 16:46:00 UTC,1.1,34,H
2016-11-06 23:57:00 UTC,0.2,6,L
2016-11-07 05:29:00 UTC,0.9,27,H
2016-11-07 11:44:00 UTC,0.3,9,L
2016-11-07 17:40:00 UTC,1.1,34,H
2016-11-08 00:50:00 UTC,0.2,6,L
2016-11-08 06:31:00 UTC,1.0,30,H
2016-11-08 12:51:00 UTC,0.3,9,L
2016-11-08 18:40:00 UTC,1.1,34,H
2016-11-09 01:44:00 UTC,0.2,6,L
2016-11-09 07:35:00 UTC,1.0,30,H
2016-11-09 14:03:00 UTC,0.3,9,L
2016-11-09 19:44:00 UTC,1.1,34,H
2016-11-10 02:37:00 UTC,0.2,6,L
2016-11-10 08:36:00 UTC,1.2,37,H
2016-11-10 15:13:00 UTC,0.2,6,L
2016-11-10 20:49:00 UTC,1.1,34,H
2016-11-11 03:30:00 UTC,0.2,6,L
2016-11-11 09:32:00 UTC,1.3,40,H
2016-11-11 16:18:00 UTC,0.2,6,L
2016-11-11 21:50:00 UTC,1.2,37,H
2016-11-12 04:23:00 UTC,0.1,3,L
2016-11-12 10:25:00 UTC,1.4,43,H
2016-11-12 17:19:00 UTC,0.1,3,L
2016-11-12 22:46:00 UTC,1.2,37,H
2016-11-13 05:15:00 UTC,0.1,3,L
2016-11-13 11:16:00 UTC,1.5,46,H
2016-11-13 18:16:00 UTC,0.1,3,L
2016-11-13 23:40:00 UTC,1.2,37,H
2016-11-14 06:08:00 UTC,0.1,3,L
2016-11-14 12:06:00 UTC,1.5,46,H
2016-11-14 19:12:00 UTC,0.0,0,L
2016-11-15 00:32:00 UTC,1.2,37,H
2016-11-15 07:02:00 UTC,0.1,3,L
2016-11-15 12:56:00 UTC,1.6,49,H
2016-11-15 20:08:00 UTC,0.0,0,L
2016-11-16 01:24:00 UTC,1.2,37,H
2016-11-16 07:58:00 UTC,0.1,3,L
2016-11-16 13:47:00 UTC,1.5,46,H
2016-11-16 21:03:00 UTC,0.0,0,L
2016-11-17 02:17:00 UTC,1.2,37,H
2016-11-17 08:55:00 UTC,0.1,3,L
2016-11-17 14:38:00 UTC,1.5,46,H
2016-11-17 21:59:00 UTC,0.1,3,L
2016-11-18 03:12:00 UTC,1.1,34,H
2016-11-18 09:54:00 UTC,0.1,3,L
2016-11-18 15:31:00 UTC,1.4,43,H
2016-11-18 22:55:00 UTC,0.1,3,L
2016-11-19 04:11:00 UTC,1.1,34,H
2016-11-19 10:55:00 UTC,0.2,6,L
2016-11-19 16:26:00 UTC,1.2,37,H
2016-11-19 23:51:00 UTC,0.1,3,L
2016-11-20 05:16:00 UTC,1.0,30,H
2016-11-20 11:58:00 UTC,0.2,6,L
2016-11-20 17:26:00 UTC,1.1,34,H
2016-11-21 00:47:00 UTC,0.1,3,L
2016-11-21 06:25:00 UTC,1.0,30,H
2016-11-21 13:02:00 UTC,0.2,6,L
2016-11-21 18:30:00 UTC,1.0,30,H
2016-11-22 01:42:00 UTC,0.1,3,L
2016-11-22 07:32:00 UTC,1.0,30,H
2016-11-22 14:05:00 UTC,0.2,6,L
2016-11-22 19:37:00 UTC,0.9,27,H
2016-11-23 02:34:00 UTC,0.1,3,L
2016-11-23 08:30:00 UTC,1.0,30,H
2016-11-23 15:05:00 UTC,0.2,6,L
2016-11-23 20:38:00 UTC,0.9,27,H
2016-11-24 03:23:00 UTC,0.1,3,L
2016-11-24 09:22:00 UTC,1.0,30,H
2016-11-24 16:01:00 UTC,0.2,6,L
2016-11-24 21:33:00 UTC,0.8,24,H
2016-11-25 04:09:00 UTC,0.1,3,L
2016-11-25 10:07:00 UTC,1.0,30,H
2016-11-25 16:50:00 UTC,0.1,3,L
2016-11-25 22:23:00 UTC,0.8,24,H
2016-11-26 04:51:00 UTC,0.1,3,L
2016-11-26 10:48:00 UTC,1.0,30,H
2016-11-26 17:35:00 UTC,0.1,3,L
2016-11-26 23:07:00 UTC,0.8,24,H
2016-11-27 05:30:00 UTC,0.1,3,L
2016-11-27 11:26:00 UTC,1.1,34,H
2016-11-27 18:17:00 UTC,0.0,0,L
2016-11-27 23:47:00 UTC,0.8,24,H
2016-11-28 06:05:00 UTC,0.0,0,L
2016-11-28 12:00:00 UTC,1.1,34,H
2016-11-28 18:56:00 UTC,0.0,0,L
2016-11-29 00:23:00 UTC,0.8,24,H
2016-11-29 06:38:00 UTC,0.0,0,L
2016-11-29 12:32:00 UTC,1.1,34,H
2016-11-29 19:34:00 UTC,0.0,0,L
2016-11-30 00:57:00 UTC,0.8,24,H
2016-11-30 07:07:00 UTC,0.1,3,L
2016-11-30 13:03:00 UTC,1.1,34,H
2016-11-30 20:11:00 UTC,0.0,0,L
2016-12-01 01:29:00 UTC,0.8,24,H
2016-12-01 07:35:00 UTC,0.1,3,L
2016-12-01 13:35:00 UTC,1.1,34,H
2016-12-01 20:49:00 UTC,0.0,0,L
2016-12-02 02:03:00 UTC,0.8,24,H
2016-12-02 08:06:00 UTC,0.1,3,L
2016-12-02 14:10:00 UTC,1.1,34,H
2016-12-02 21:26:00 UTC,0.0,0,L
2016-12-03 02:40:00 UTC,0.8,24,H
2016-12-03 08:43:00 UTC,0.1,3,L
2016-12-03 14:49:00 UTC,1.1,34,H
2016-12-03 22:05:00 UTC,0.0,0,L
2016-12-04 03:22:00 UTC,0.8,24,H
2016-12-04 09:26:00 UTC,0.1,3,L
2016-12-04 15:31:00 UTC,1.0,30,H
2016-12-04 22:44:00 UTC,0.0,0,L
2016-12-05 04:09:00 UTC,0.8,24,H
2016-12-05 10:18:00 UTC,0.2,6,L
2016-12-05 16:18:00 UTC,1.0,30,H
2016-12-05 23:27:00 UTC,0.1,3,L
2016-12-06 05:02:00 UTC,0.8,24,H
2016-12-06 11:17:00 UTC,0.2,6,L
2016-12-06 17:10:00 UTC,1.0,30,H
2016-12-07 00:13:00 UTC,0.1,3,L
2016-12-07 06:01:00 UTC,0.9,27,H
2016-12-07 12:26:00 UTC,0.2,6,L
2016-12-07 18:09:00 UTC,1.0,30,H
2016-12-08 01:03:00 UTC,0.1,3,L
2016-12-08 07:04:00 UTC,1.0,30,H
2016-12-08 13:41:00 UTC,0.2,6,L
2016-12-08 19:13:00 UTC,0.9,27,H
2016-12-09 01:58:00 UTC,0.1,3,L
2016-12-09 08:07:00 UTC,1.1,34,H
2016-12-09 14:56:00 UTC,0.1,3,L
2016-12-09 20:20:00 UTC,0.9,27,H
2016-12-10 02:55:00 UTC,0.0,0,L
2016-12-10 09:07:00 UTC,1.2,37,H
2016-12-10 16:04:00 UTC,0.1,3,L
2016-12-10 21:25:00 UTC,1.0,30,H
2016-12-11 03:54:00 UTC,0.0,0,L
2016-12-11 10:03:00 UTC,1.3,40,H
2016-12-11 17:07:00 UTC,0.0,0,L
2016-12-11 22:26:00 UTC,1.0,30,H
2016-12-12 04:53:00 UTC,0.0,0,L
2016-12-12 10:57:00 UTC,1.4,43,H
2016-12-12 18:05:00 UTC,0.0,0,L
2016-12-12 23:22:00 UTC,1.0,30,H
2016-12-13 05:50:00 UTC,0.0,0,L
2016-12-13 11:49:00 UTC,1.4,43,H
2016-12-13 19:01:00 UTC,-0.1,-3,L
2016-12-14 00:16:00 UTC,1.0,30,H
2016-12-14 06:46:00 UTC,-0.1,-3,L
2016-12-14 12:40:00 UTC,1.4,43,H
2016-12-14 19:55:00 UTC,-0.1,-3,L
2016-12-15 01:08:00 UTC,1.0,30,H
2016-12-15 07:42:00 UTC,-0.1,-3,L
2016-12-15 13:30:00 UTC,1.4,43,H
2016-12-15 20:48:00 UTC,-0.1,-3,L
2016-12-16 02:01:00 UTC,1.0,30,H
2016-12-16 08:38:00 UTC,0.0,0,L
2016-12-16 14:20:00 UTC,1.3,40,H
2016-12-16 21:40:00 UTC,-0.1,-3,L
2016-12-17 02:55:00 UTC,1.0,30,H
2016-12-17 09:34:00 UTC,0.0,0,L
2016-12-17 15:10:00 UTC,1.2,37,H
2016-12-17 22:31:00 UTC,-0.1,-3,L
2016-12-18 03:51:00 UTC,0.9,27,H
2016-12-18 10:31:00 UTC,0.0,0,L
2016-12-18 16:00:00 UTC,1.1,34,H
2016-12-18 23:21:00 UTC,-0.1,-3,L
2016-12-19 04:50:00 UTC,0.9,27,H
2016-12-19 11:30:00 UTC,0.1,3,L
2016-12-19 16:54:00 UTC,1.0,30,H
2016-12-20 00:12:00 UTC,0.0,0,L
2016-12-20 05:53:00 UTC,0.9,27,H
2016-12-20 12:30:00 UTC,0.1,3,L
2016-12-20 17:52:00 UTC,0.8,24,H
2016-12-21 01:02:00 UTC,0.0,0,L
2016-12-21 06:56:00 UTC,0.9,27,H
2016-12-21 13:31:00 UTC,0.1,3,L
2016-12-21 18:56:00 UTC,0.7,21,H
2016-12-22 01:52:00 UTC,0.0,0,L
2016-12-22 07:54:00 UTC,0.9,27,H
2016-12-22 14:30:00 UTC,0.1,3,L
2016-12-22 20:01:00 UTC,0.7,21,H
2016-12-23 02:40:00 UTC,0.0,0,L
2016-12-23 08:47:00 UTC,0.9,27,H
2016-12-23 15:26:00 UTC,0.1,3,L
2016-12-23 21:01:00 UTC,0.7,21,H
2016-12-24 03:27:00 UTC,0.0,0,L
2016-12-24 09:35:00 UTC,0.9,27,H
2016-12-24 16:18:00 UTC,0.0,0,L
2016-12-24 21:54:00 UTC,0.6,18,H
2016-12-25 04:12:00 UTC,0.0,0,L
2016-12-25 10:18:00 UTC,0.9,27,H
2016-12-25 17:05:00 UTC,0.0,0,L
2016-12-25 22:40:00 UTC,0.6,18,H
2016-12-26 04:54:00 UTC,0.0,0,L
2016-12-26 10:57:00 UTC,0.9,27,H
2016-12-26 17:49:00 UTC,0.0,0,L
2016-12-26 23:21:00 UTC,0.7,21,H
2016-12-27 05:32:00 UTC,-0.1,-3,L
2016-12-27 11:33:00 UTC,0.9,27,H
2016-12-27 18:31:00 UTC,-0.1,-3,L
2016-12-27 23:58:00 UTC,0.7,21,H
2016-12-28 06:07:00 UTC,-0.1,-3,L
2016-12-28 12:06:00 UTC,0.9,27,H
2016-12-28 19:11:00 UTC,-0.1,-3,L
2016-12-29 00:32:00 UTC,0.7,21,H
2016-12-29 06:40:00 UTC,-0.1,-3,L
2016-12-29 12:38:00 UTC,1.0,30,H
2016-12-29 19:51:00 UTC,-0.1,-3,L
2016-12-30 01:05:00 UTC,0.7,21,H
2016-12-30 07:12:00 UTC,0.0,0,L
2016-12-30 13:11:00 UTC,1.0,30,H
2016-12-30 20:29:00 UTC,-0.1,-3,L
2016-12-31 01:40:00 UTC,0.7,21,H
2016-12-31 07:47:00 UTC,0.0,0,L
2016-12-31 13:47:00 UTC,1.0,30,H
2016-12-31 21:06:00 UTC,-0.1,-3,L
